0x66aB6D9362d4F35596279692F0251Db635165871,0
0x66aB6D9362d4F35596279692F0251Db635165871,1
0x66aB6D9362d4F35596279692F0251Db635165871,2
0x66aB6D9362d4F35596279692F0251Db635165871,3
0xe0d92fef732152d95e1d3deb3d018183507fa70a,0
0xe0d92fef732152d95e1d3deb3d018183507fa70a,1
0xe0d92fef732152d95e1d3deb3d018183507fa70a,2
0xe0d92fef732152d95e1d3deb3d018183507fa70a,3
0x37e34d4c7d693067da66236da6baa539e5b0606f,0
0x37e34d4c7d693067da66236da6baa539e5b0606f,1
0x37e34d4c7d693067da66236da6baa539e5b0606f,2
0x37e34d4c7d693067da66236da6baa539e5b0606f,3
0x8406a4f1a61047eed5ff15b25f03bb389fc017ff,0
0x8406a4f1a61047eed5ff15b25f03bb389fc017ff,1
0x8406a4f1a61047eed5ff15b25f03bb389fc017ff,2
0x8406a4f1a61047eed5ff15b25f03bb389fc017ff,3
0xdcb0b1ce82dfe2f80bfed3e5d600d5f0cd01c71e,0
0xdcb0b1ce82dfe2f80bfed3e5d600d5f0cd01c71e,1
0xdcb0b1ce82dfe2f80bfed3e5d600d5f0cd01c71e,2
0xdcb0b1ce82dfe2f80bfed3e5d600d5f0cd01c71e,3
0x1c26104aac3cfab908dd09d9a30c3c9439fa2e6d,0
0x1c26104aac3cfab908dd09d9a30c3c9439fa2e6d,1
0x1c26104aac3cfab908dd09d9a30c3c9439fa2e6d,2
0x1c26104aac3cfab908dd09d9a30c3c9439fa2e6d,3
0xe6f319043c63119ec3a9669db485dc4caecd1bab,0
0xe6f319043c63119ec3a9669db485dc4caecd1bab,1
0xe6f319043c63119ec3a9669db485dc4caecd1bab,2
0xe6f319043c63119ec3a9669db485dc4caecd1bab,3
0x6ff2f2fcdfa11bc32d42947fc4217064a9c90ce5,0
0x6ff2f2fcdfa11bc32d42947fc4217064a9c90ce5,1
0x6ff2f2fcdfa11bc32d42947fc4217064a9c90ce5,2
0x6ff2f2fcdfa11bc32d42947fc4217064a9c90ce5,3
0x9b36ac73370668fa70fd01e8a930c47b4148750f,0
0x9b36ac73370668fa70fd01e8a930c47b4148750f,1
0x9b36ac73370668fa70fd01e8a930c47b4148750f,2
0x9b36ac73370668fa70fd01e8a930c47b4148750f,3
0x115394956c566e46764aa9ee5ad2dfa024cb254a,0
0x115394956c566e46764aa9ee5ad2dfa024cb254a,1
0x115394956c566e46764aa9ee5ad2dfa024cb254a,2
0x115394956c566e46764aa9ee5ad2dfa024cb254a,3
0x0632b2b918e941140bae0500326eb232cb70dc18,0
0x0632b2b918e941140bae0500326eb232cb70dc18,1
0x0632b2b918e941140bae0500326eb232cb70dc18,2
0x0632b2b918e941140bae0500326eb232cb70dc18,3
0x43c9789a0623cf66b48d83adc1e91f44b82d01b4,0
0x43c9789a0623cf66b48d83adc1e91f44b82d01b4,1
0x43c9789a0623cf66b48d83adc1e91f44b82d01b4,2
0x43c9789a0623cf66b48d83adc1e91f44b82d01b4,3
0x4bd53411bc429b71d034b19387c1f52a089b09a4,0
0x4bd53411bc429b71d034b19387c1f52a089b09a4,1
0x4bd53411bc429b71d034b19387c1f52a089b09a4,2
0x4bd53411bc429b71d034b19387c1f52a089b09a4,3
0x5660d9a272cd0329c23d66616a16959673218a73,0
0x5660d9a272cd0329c23d66616a16959673218a73,1
0x5660d9a272cd0329c23d66616a16959673218a73,2
0x5660d9a272cd0329c23d66616a16959673218a73,3
0xcc02faf495abb599966a4b0abfdc95ca7fac4511,0
0xcc02faf495abb599966a4b0abfdc95ca7fac4511,1
0xcc02faf495abb599966a4b0abfdc95ca7fac4511,2
0xcc02faf495abb599966a4b0abfdc95ca7fac4511,3